{
  "episode_id": 49,
  "num_frames": 401,
  "start_idx": 19230,
  "end_idx": 19631,
  "voc": 0.965,
  "raw_scores": [
    -17.875,
    -19.0,
    -19.5,
    -18.625,
    -19.125,
    -15.125,
    -12.75,
    -12.25,
    -12.25,
    -13.25,
    -11.625,
    -10.625,
    -8.625,
    -7.625,
    -7.0,
    -5.125,
    -5.875,
    -4.875,
    -4.28125,
    -4.625
  ],
  "normalized": [
    0.10677618069815195,
    0.03285420944558522,
    0.0,
    0.057494866529774126,
    0.024640657084188913,
    0.2874743326488706,
    0.44353182751540043,
    0.47638603696098564,
    0.47638603696098564,
    0.4106776180698152,
    0.5174537987679672,
    0.5831622176591376,
    0.7145790554414785,
    0.7802874743326489,
    0.8213552361396304,
    0.944558521560575,
    0.8952772073921971,
    0.9609856262833676,
    1.0,
    0.9774127310061602
  ],
  "prefix_lengths": [
    1,
    22,
    43,
    64,
    85,
    106,
    127,
    148,
    169,
    190,
    211,
    232,
    253,
    274,
    295,
    316,
    337,
    358,
    379,
    401
  ],
  "scoring_time_s": 39.66
}