{
  "episode_id": 2,
  "num_frames": 420,
  "start_idx": 922,
  "end_idx": 1342,
  "voc": 0.9477,
  "raw_scores": [
    -18.375,
    -19.0,
    -19.25,
    -19.0,
    -18.5,
    -17.875,
    -14.625,
    -14.5,
    -14.875,
    -12.625,
    -10.75,
    -10.125,
    -7.25,
    -8.375,
    -6.5,
    -4.28125,
    -4.40625,
    -4.75,
    -5.25,
    -5.125
  ],
  "normalized": [
    0.05845511482254697,
    0.016701461377870562,
    0.0,
    0.016701461377870562,
    0.05010438413361169,
    0.0918580375782881,
    0.3089770354906054,
    0.3173277661795407,
    0.29227557411273486,
    0.44258872651356995,
    0.5678496868475992,
    0.6096033402922756,
    0.8016701461377871,
    0.7265135699373695,
    0.8517745302713987,
    1.0,
    0.9916492693110647,
    0.9686847599164927,
    0.9352818371607515,
    0.9436325678496869
  ],
  "prefix_lengths": [
    1,
    23,
    45,
    67,
    89,
    111,
    133,
    155,
    177,
    199,
    221,
    243,
    265,
    287,
    309,
    331,
    353,
    375,
    397,
    420
  ],
  "scoring_time_s": 42.55
}