{
  "episode_id": 6,
  "num_frames": 357,
  "start_idx": 2513,
  "end_idx": 2870,
  "voc": 0.9519,
  "raw_scores": [
    -18.375,
    -19.25,
    -20.0,
    -20.25,
    -19.5,
    -18.625,
    -17.5,
    -14.5,
    -13.0,
    -10.625,
    -12.125,
    -9.625,
    -10.25,
    -7.5,
    -9.0,
    -6.625,
    -4.40625,
    -4.03125,
    -4.28125,
    -4.625
  ],
  "normalized": [
    0.11560693641618497,
    0.06165703275529865,
    0.015414258188824663,
    0.0,
    0.046242774566473986,
    0.1001926782273603,
    0.16955684007707128,
    0.35452793834296725,
    0.44701348747591524,
    0.5934489402697495,
    0.5009633911368016,
    0.6551059730250481,
    0.6165703275529865,
    0.7861271676300579,
    0.6936416184971098,
    0.8400770712909441,
    0.976878612716763,
    1.0,
    0.9845857418111753,
    0.9633911368015414
  ],
  "prefix_lengths": [
    1,
    19,
    38,
    57,
    75,
    94,
    113,
    132,
    150,
    169,
    188,
    207,
    225,
    244,
    263,
    282,
    300,
    319,
    338,
    357
  ],
  "scoring_time_s": 35.77
}