{
  "episode_id": 13,
  "num_frames": 357,
  "start_idx": 5087,
  "end_idx": 5444,
  "voc": 0.9692,
  "raw_scores": [
    -18.5,
    -19.25,
    -19.75,
    -19.625,
    -18.0,
    -15.25,
    -13.25,
    -15.125,
    -13.625,
    -13.625,
    -12.625,
    -11.0,
    -11.375,
    -8.375,
    -5.375,
    -5.375,
    -4.875,
    -3.90625,
    -4.28125,
    -4.625
  ],
  "normalized": [
    0.07889546351084813,
    0.03155818540433925,
    0.0,
    0.007889546351084813,
    0.11045364891518737,
    0.28402366863905326,
    0.41025641025641024,
    0.29191321499013806,
    0.3865877712031558,
    0.3865877712031558,
    0.44970414201183434,
    0.5522682445759369,
    0.5285996055226825,
    0.717948717948718,
    0.9072978303747534,
    0.9072978303747534,
    0.9388560157790927,
    1.0,
    0.9763313609467456,
    0.9546351084812623
  ],
  "prefix_lengths": [
    1,
    19,
    38,
    57,
    75,
    94,
    113,
    132,
    150,
    169,
    188,
    207,
    225,
    244,
    263,
    282,
    300,
    319,
    338,
    357
  ],
  "scoring_time_s": 35.72
}