{
  "episode_id": 29,
  "num_frames": 374,
  "start_idx": 11057,
  "end_idx": 11431,
  "voc": 0.9608,
  "raw_scores": [
    -18.75,
    -19.75,
    -19.75,
    -19.875,
    -19.75,
    -18.125,
    -15.875,
    -14.625,
    -11.125,
    -10.875,
    -11.0,
    -11.75,
    -9.75,
    -8.375,
    -8.75,
    -7.625,
    -5.625,
    -4.40625,
    -5.875,
    -4.28125
  ],
  "normalized": [
    0.07214428857715431,
    0.008016032064128256,
    0.008016032064128256,
    0.0,
    0.008016032064128256,
    0.11222444889779559,
    0.2565130260521042,
    0.3366733466933868,
    0.561122244488978,
    0.5771543086172345,
    0.5691382765531062,
    0.5210420841683366,
    0.6492985971943888,
    0.7374749498997996,
    0.7134268537074149,
    0.7855711422845691,
    0.9138276553106213,
    0.9919839679358717,
    0.8977955911823647,
    1.0
  ],
  "prefix_lengths": [
    1,
    20,
    40,
    59,
    79,
    99,
    118,
    138,
    158,
    177,
    197,
    216,
    236,
    256,
    275,
    295,
    315,
    334,
    354,
    374
  ],
  "scoring_time_s": 37.85
}