{
  "episode_id": 24,
  "num_frames": 365,
  "start_idx": 9227,
  "end_idx": 9592,
  "voc": 0.9767,
  "raw_scores": [
    -19.25,
    -20.25,
    -19.625,
    -19.875,
    -18.375,
    -15.5,
    -15.5,
    -16.25,
    -13.875,
    -15.0,
    -13.125,
    -13.125,
    -10.625,
    -11.375,
    -10.375,
    -9.875,
    -6.875,
    -5.75,
    -3.90625,
    -6.75
  ],
  "normalized": [
    0.06118546845124283,
    0.0,
    0.03824091778202677,
    0.022944550669216062,
    0.1147227533460803,
    0.29063097514340347,
    0.29063097514340347,
    0.2447418738049713,
    0.390057361376673,
    0.32122370936902483,
    0.4359464627151052,
    0.4359464627151052,
    0.5889101338432122,
    0.5430210325047801,
    0.6042065009560229,
    0.6347992351816444,
    0.8183556405353728,
    0.887189292543021,
    1.0,
    0.8260038240917782
  ],
  "prefix_lengths": [
    1,
    20,
    39,
    58,
    77,
    96,
    115,
    135,
    154,
    173,
    192,
    211,
    230,
    250,
    269,
    288,
    307,
    326,
    345,
    365
  ],
  "scoring_time_s": 36.28
}