{
  "episode_id": 3,
  "num_frames": 416,
  "start_idx": 1342,
  "end_idx": 1758,
  "voc": 0.9748,
  "raw_scores": [
    -18.375,
    -19.125,
    -19.5,
    -18.5,
    -19.25,
    -17.625,
    -12.875,
    -11.75,
    -11.625,
    -11.5,
    -9.75,
    -9.375,
    -8.5,
    -6.5,
    -5.5,
    -5.875,
    -5.5,
    -4.28125,
    -3.421875,
    -3.296875
  ],
  "normalized": [
    0.06943105110896818,
    0.023143683702989394,
    0.0,
    0.06171648987463838,
    0.015429122468659595,
    0.11571841851494696,
    0.4088717454194793,
    0.4783027965284474,
    0.48601735776277727,
    0.49373191899710706,
    0.6017357762777242,
    0.6248794599807136,
    0.6788813886210222,
    0.8023143683702989,
    0.8640308582449373,
    0.840887174541948,
    0.8640308582449373,
    0.9392478302796529,
    0.9922854387656702,
    1.0
  ],
  "prefix_lengths": [
    1,
    22,
    44,
    66,
    88,
    110,
    132,
    153,
    175,
    197,
    219,
    241,
    263,
    284,
    306,
    328,
    350,
    372,
    394,
    416
  ],
  "scoring_time_s": 42.49
}