{
  "episode_id": 14,
  "num_frames": 375,
  "start_idx": 5444,
  "end_idx": 5819,
  "voc": 0.9729,
  "raw_scores": [
    -18.125,
    -19.25,
    -19.0,
    -19.125,
    -16.625,
    -15.75,
    -13.875,
    -14.875,
    -14.0,
    -13.625,
    -13.125,
    -10.125,
    -10.125,
    -8.375,
    -10.5,
    -8.375,
    -6.375,
    -5.375,
    -5.5,
    -5.0
  ],
  "normalized": [
    0.07894736842105263,
    0.0,
    0.017543859649122806,
    0.008771929824561403,
    0.18421052631578946,
    0.24561403508771928,
    0.37719298245614036,
    0.30701754385964913,
    0.3684210526315789,
    0.39473684210526316,
    0.4298245614035088,
    0.6403508771929824,
    0.6403508771929824,
    0.7631578947368421,
    0.6140350877192983,
    0.7631578947368421,
    0.9035087719298246,
    0.9736842105263158,
    0.9649122807017544,
    1.0
  ],
  "prefix_lengths": [
    1,
    20,
    40,
    60,
    79,
    99,
    119,
    138,
    158,
    178,
    197,
    217,
    237,
    256,
    276,
    296,
    315,
    335,
    355,
    375
  ],
  "scoring_time_s": 37.4
}