{
  "episode_id": 32,
  "num_frames": 416,
  "start_idx": 12424,
  "end_idx": 12840,
  "voc": 0.968,
  "raw_scores": [
    -17.5,
    -18.75,
    -19.25,
    -18.625,
    -16.5,
    -13.375,
    -12.25,
    -11.875,
    -12.625,
    -11.5,
    -8.875,
    -8.75,
    -7.75,
    -7.0,
    -5.375,
    -7.25,
    -6.875,
    -6.5,
    -4.625,
    -5.375
  ],
  "normalized": [
    0.11965811965811966,
    0.03418803418803419,
    0.0,
    0.042735042735042736,
    0.18803418803418803,
    0.4017094017094017,
    0.47863247863247865,
    0.5042735042735043,
    0.452991452991453,
    0.5299145299145299,
    0.7094017094017094,
    0.717948717948718,
    0.7863247863247863,
    0.8376068376068376,
    0.9487179487179487,
    0.8205128205128205,
    0.8461538461538461,
    0.8717948717948718,
    1.0,
    0.9487179487179487
  ],
  "prefix_lengths": [
    1,
    22,
    44,
    66,
    88,
    110,
    132,
    153,
    175,
    197,
    219,
    241,
    263,
    284,
    306,
    328,
    350,
    372,
    394,
    416
  ],
  "scoring_time_s": 43.49
}