{
  "episode_id": 30,
  "num_frames": 418,
  "start_idx": 11431,
  "end_idx": 11849,
  "voc": 0.9771,
  "raw_scores": [
    -18.0,
    -19.25,
    -19.25,
    -18.875,
    -18.25,
    -11.75,
    -10.625,
    -11.125,
    -8.75,
    -8.875,
    -8.625,
    -7.25,
    -6.0,
    -5.875,
    -4.75,
    -4.03125,
    -4.40625,
    -4.28125,
    -3.90625,
    -3.65625
  ],
  "normalized": [
    0.08016032064128256,
    0.0,
    0.0,
    0.02404809619238477,
    0.06412825651302605,
    0.48096192384769537,
    0.5531062124248497,
    0.5210420841683366,
    0.6733466933867736,
    0.6653306613226453,
    0.6813627254509018,
    0.7695390781563126,
    0.8496993987975952,
    0.8577154308617234,
    0.9298597194388778,
    0.9759519038076152,
    0.9519038076152304,
    0.9599198396793587,
    0.9839679358717435,
    1.0
  ],
  "prefix_lengths": [
    1,
    22,
    44,
    66,
    88,
    110,
    132,
    154,
    176,
    198,
    220,
    242,
    264,
    286,
    308,
    330,
    352,
    374,
    396,
    418
  ],
  "scoring_time_s": 41.51
}