{
  "episode_id": 35,
  "num_frames": 393,
  "start_idx": 13641,
  "end_idx": 14034,
  "voc": 0.9789,
  "raw_scores": [
    -17.375,
    -18.875,
    -18.625,
    -18.875,
    -17.125,
    -15.125,
    -11.75,
    -11.625,
    -11.625,
    -10.625,
    -11.125,
    -9.5,
    -8.5,
    -6.125,
    -5.125,
    -5.5,
    -3.296875,
    -3.40625,
    -3.78125,
    -3.0625
  ],
  "normalized": [
    0.09486166007905138,
    0.0,
    0.015810276679841896,
    0.0,
    0.11067193675889328,
    0.23715415019762845,
    0.4505928853754941,
    0.45849802371541504,
    0.45849802371541504,
    0.5217391304347826,
    0.4901185770750988,
    0.5928853754940712,
    0.6561264822134387,
    0.8063241106719368,
    0.8695652173913043,
    0.8458498023715415,
    0.9851778656126482,
    0.9782608695652174,
    0.9545454545454546,
    1.0
  ],
  "prefix_lengths": [
    1,
    21,
    42,
    62,
    83,
    104,
    124,
    145,
    166,
    186,
    207,
    227,
    248,
    269,
    289,
    310,
    331,
    351,
    372,
    393
  ],
  "scoring_time_s": 39.51
}