{
  "episode_id": 33,
  "num_frames": 425,
  "start_idx": 12840,
  "end_idx": 13265,
  "voc": 0.968,
  "raw_scores": [
    -17.625,
    -18.875,
    -19.25,
    -19.5,
    -18.5,
    -14.125,
    -12.25,
    -12.375,
    -13.375,
    -10.625,
    -9.75,
    -9.125,
    -8.5,
    -8.25,
    -6.25,
    -6.25,
    -6.125,
    -4.40625,
    -5.375,
    -5.0
  ],
  "normalized": [
    0.12422360248447205,
    0.041407867494824016,
    0.016563146997929608,
    0.0,
    0.06625258799171843,
    0.35610766045548653,
    0.4803312629399586,
    0.4720496894409938,
    0.4057971014492754,
    0.587991718426501,
    0.6459627329192547,
    0.6873706004140787,
    0.7287784679089027,
    0.7453416149068323,
    0.8778467908902692,
    0.8778467908902692,
    0.8861283643892339,
    1.0,
    0.9358178053830227,
    0.9606625258799172
  ],
  "prefix_lengths": [
    1,
    23,
    45,
    67,
    90,
    112,
    134,
    157,
    179,
    201,
    224,
    246,
    268,
    291,
    313,
    335,
    358,
    380,
    402,
    425
  ],
  "scoring_time_s": 41.91
}