{
  "episode_id": 1,
  "num_frames": 468,
  "start_idx": 454,
  "end_idx": 922,
  "voc": 0.9583,
  "raw_scores": [
    -17.875,
    -19.125,
    -18.875,
    -18.75,
    -17.5,
    -13.375,
    -12.5,
    -12.625,
    -12.875,
    -9.0,
    -10.25,
    -9.0,
    -7.625,
    -4.15625,
    -3.4375,
    -3.53125,
    -2.359375,
    -2.03125,
    -3.65625,
    -2.828125
  ],
  "normalized": [
    0.07312614259597806,
    0.0,
    0.014625228519195612,
    0.021937842778793418,
    0.09506398537477148,
    0.33638025594149906,
    0.3875685557586837,
    0.3802559414990859,
    0.3656307129798903,
    0.5923217550274223,
    0.5191956124314442,
    0.5923217550274223,
    0.6727605118829981,
    0.8756855575868373,
    0.9177330895795247,
    0.9122486288848263,
    0.9808043875685558,
    1.0,
    0.9049360146252285,
    0.953382084095064
  ],
  "prefix_lengths": [
    1,
    25,
    50,
    74,
    99,
    123,
    148,
    173,
    197,
    222,
    246,
    271,
    295,
    320,
    345,
    369,
    394,
    418,
    443,
    468
  ],
  "scoring_time_s": 46.28
}