{
  "episode_id": 44,
  "num_frames": 367,
  "start_idx": 17387,
  "end_idx": 17754,
  "voc": 0.9537,
  "raw_scores": [
    -17.75,
    -18.5,
    -19.25,
    -18.5,
    -17.25,
    -13.875,
    -10.75,
    -12.0,
    -12.625,
    -11.75,
    -11.625,
    -10.875,
    -8.75,
    -8.625,
    -7.25,
    -6.25,
    -3.78125,
    -4.15625,
    -6.0,
    -4.03125
  ],
  "normalized": [
    0.09696969696969697,
    0.048484848484848485,
    0.0,
    0.048484848484848485,
    0.1292929292929293,
    0.3474747474747475,
    0.5494949494949495,
    0.4686868686868687,
    0.42828282828282827,
    0.48484848484848486,
    0.49292929292929294,
    0.5414141414141415,
    0.6787878787878788,
    0.6868686868686869,
    0.7757575757575758,
    0.8404040404040404,
    1.0,
    0.9757575757575757,
    0.8565656565656565,
    0.9838383838383838
  ],
  "prefix_lengths": [
    1,
    20,
    39,
    58,
    78,
    97,
    116,
    135,
    155,
    174,
    193,
    212,
    232,
    251,
    270,
    289,
    309,
    328,
    347,
    367
  ],
  "scoring_time_s": 36.6
}