{
  "episode_id": 37,
  "num_frames": 382,
  "start_idx": 14474,
  "end_idx": 14856,
  "voc": 0.9503,
  "raw_scores": [
    -17.875,
    -19.375,
    -18.75,
    -19.125,
    -19.375,
    -17.375,
    -11.5,
    -11.75,
    -10.5,
    -11.75,
    -10.125,
    -9.5,
    -8.875,
    -7.25,
    -7.75,
    -5.5,
    -5.25,
    -4.28125,
    -5.5,
    -5.5
  ],
  "normalized": [
    0.09937888198757763,
    0.0,
    0.041407867494824016,
    0.016563146997929608,
    0.0,
    0.13250517598343686,
    0.5217391304347826,
    0.505175983436853,
    0.587991718426501,
    0.505175983436853,
    0.6128364389233955,
    0.6542443064182195,
    0.6956521739130435,
    0.8033126293995859,
    0.7701863354037267,
    0.9192546583850931,
    0.9358178053830227,
    1.0,
    0.9192546583850931,
    0.9192546583850931
  ],
  "prefix_lengths": [
    1,
    21,
    41,
    61,
    81,
    101,
    121,
    141,
    161,
    181,
    201,
    221,
    241,
    261,
    281,
    301,
    321,
    341,
    361,
    382
  ],
  "scoring_time_s": 37.78
}