{
  "episode_id": 7,
  "num_frames": 351,
  "start_idx": 2870,
  "end_idx": 3221,
  "voc": 0.9477,
  "raw_scores": [
    -18.625,
    -19.625,
    -18.875,
    -20.125,
    -19.0,
    -15.375,
    -13.625,
    -11.625,
    -13.125,
    -11.75,
    -12.75,
    -11.125,
    -12.0,
    -11.125,
    -9.0,
    -7.375,
    -5.5,
    -4.40625,
    -3.78125,
    -4.75
  ],
  "normalized": [
    0.09177820267686425,
    0.030592734225621414,
    0.07648183556405354,
    0.0,
    0.06883365200764818,
    0.29063097514340347,
    0.3977055449330784,
    0.5200764818355641,
    0.42829827915869984,
    0.5124282982791587,
    0.45124282982791586,
    0.5506692160611855,
    0.497131931166348,
    0.5506692160611855,
    0.6806883365200764,
    0.780114722753346,
    0.8948374760994264,
    0.9617590822179732,
    1.0,
    0.9407265774378585
  ],
  "prefix_lengths": [
    1,
    19,
    37,
    56,
    74,
    93,
    111,
    129,
    148,
    166,
    185,
    203,
    222,
    240,
    258,
    277,
    295,
    314,
    332,
    351
  ],
  "scoring_time_s": 35.11
}