{
  "episode_id": 38,
  "num_frames": 402,
  "start_idx": 14856,
  "end_idx": 15258,
  "voc": 0.9594,
  "raw_scores": [
    -17.25,
    -19.375,
    -19.375,
    -19.75,
    -19.0,
    -16.125,
    -13.125,
    -13.5,
    -11.875,
    -13.5,
    -10.5,
    -9.0,
    -7.75,
    -6.625,
    -8.625,
    -5.75,
    -4.28125,
    -6.0,
    -5.0,
    -4.03125
  ],
  "normalized": [
    0.15904572564612326,
    0.02385685884691849,
    0.02385685884691849,
    0.0,
    0.04771371769383698,
    0.23061630218687873,
    0.42147117296222664,
    0.3976143141153082,
    0.5009940357852882,
    0.3976143141153082,
    0.588469184890656,
    0.68389662027833,
    0.7634194831013916,
    0.8349900596421471,
    0.7077534791252486,
    0.8906560636182903,
    0.9840954274353877,
    0.8747514910536779,
    0.9383697813121272,
    1.0
  ],
  "prefix_lengths": [
    1,
    22,
    43,
    64,
    85,
    106,
    127,
    148,
    169,
    190,
    212,
    233,
    254,
    275,
    296,
    317,
    338,
    359,
    380,
    402
  ],
  "scoring_time_s": 39.7
}