{
  "episode_id": 22,
  "num_frames": 387,
  "start_idx": 8465,
  "end_idx": 8852,
  "voc": 0.9624,
  "raw_scores": [
    -19.125,
    -19.125,
    -19.125,
    -19.625,
    -19.0,
    -16.625,
    -12.5,
    -11.25,
    -14.125,
    -11.125,
    -8.5,
    -8.375,
    -8.125,
    -5.75,
    -5.875,
    -3.546875,
    -5.0,
    -4.03125,
    -4.5,
    -4.875
  ],
  "normalized": [
    0.031098153547133137,
    0.031098153547133137,
    0.031098153547133137,
    0.0,
    0.038872691933916424,
    0.18658892128279883,
    0.44314868804664725,
    0.5208940719144801,
    0.34207968901846453,
    0.5286686103012633,
    0.6919339164237124,
    0.6997084548104956,
    0.7152575315840622,
    0.8629737609329446,
    0.8551992225461613,
    1.0,
    0.9096209912536443,
    0.9698736637512148,
    0.9407191448007775,
    0.9173955296404276
  ],
  "prefix_lengths": [
    1,
    21,
    41,
    61,
    82,
    102,
    122,
    143,
    163,
    183,
    204,
    224,
    244,
    265,
    285,
    305,
    326,
    346,
    366,
    387
  ],
  "scoring_time_s": 38.3
}