{
  "episode_id": 9,
  "num_frames": 388,
  "start_idx": 3589,
  "end_idx": 3977,
  "voc": 0.9425,
  "raw_scores": [
    -18.25,
    -18.75,
    -19.375,
    -19.0,
    -17.5,
    -12.375,
    -12.875,
    -13.75,
    -13.5,
    -13.625,
    -12.25,
    -9.0,
    -10.125,
    -9.25,
    -9.25,
    -7.25,
    -4.875,
    -6.625,
    -6.375,
    -5.375
  ],
  "normalized": [
    0.07758620689655173,
    0.04310344827586207,
    0.0,
    0.02586206896551724,
    0.12931034482758622,
    0.4827586206896552,
    0.4482758620689655,
    0.3879310344827586,
    0.4051724137931034,
    0.39655172413793105,
    0.49137931034482757,
    0.7155172413793104,
    0.6379310344827587,
    0.6982758620689655,
    0.6982758620689655,
    0.8362068965517241,
    1.0,
    0.8793103448275862,
    0.896551724137931,
    0.9655172413793104
  ],
  "prefix_lengths": [
    1,
    21,
    41,
    62,
    82,
    102,
    123,
    143,
    163,
    184,
    204,
    225,
    245,
    265,
    286,
    306,
    326,
    347,
    367,
    388
  ],
  "scoring_time_s": 38.6
}