{
  "episode_id": 31,
  "num_frames": 575,
  "start_idx": 11849,
  "end_idx": 12424,
  "voc": 0.9684,
  "raw_scores": [
    -17.875,
    -18.875,
    -20.0,
    -17.125,
    -11.625,
    -10.75,
    -11.0,
    -11.375,
    -11.125,
    -9.375,
    -10.25,
    -8.75,
    -7.875,
    -6.5,
    -4.90625,
    -6.125,
    -5.75,
    -3.90625,
    -4.40625,
    -4.5
  ],
  "normalized": [
    0.13203883495145632,
    0.06990291262135923,
    0.0,
    0.1786407766990291,
    0.5203883495145631,
    0.574757281553398,
    0.5592233009708738,
    0.5359223300970873,
    0.5514563106796116,
    0.6601941747572816,
    0.6058252427184466,
    0.6990291262135923,
    0.7533980582524272,
    0.8388349514563107,
    0.9378640776699029,
    0.8621359223300971,
    0.8854368932038835,
    1.0,
    0.9689320388349515,
    0.9631067961165048
  ],
  "prefix_lengths": [
    1,
    24,
    48,
    71,
    95,
    119,
    142,
    166,
    190,
    213,
    237,
    260,
    284,
    308,
    331,
    355,
    379,
    402,
    426,
    450
  ],
  "scoring_time_s": 46.29
}