{
  "episode_id": 47,
  "num_frames": 418,
  "start_idx": 18451,
  "end_idx": 18869,
  "voc": 0.9537,
  "raw_scores": [
    -17.5,
    -18.25,
    -18.625,
    -18.375,
    -18.5,
    -13.125,
    -11.875,
    -10.75,
    -8.75,
    -10.625,
    -7.875,
    -8.5,
    -6.5,
    -6.875,
    -5.25,
    -4.53125,
    -4.625,
    -5.5,
    -4.625,
    -3.90625
  ],
  "normalized": [
    0.07643312101910828,
    0.025477707006369428,
    0.0,
    0.016985138004246284,
    0.008492569002123142,
    0.37367303609341823,
    0.4585987261146497,
    0.535031847133758,
    0.6709129511677282,
    0.5435244161358811,
    0.7303609341825902,
    0.6878980891719745,
    0.8237791932059448,
    0.7983014861995754,
    0.9087048832271762,
    0.9575371549893843,
    0.9511677282377919,
    0.89171974522293,
    0.9511677282377919,
    1.0
  ],
  "prefix_lengths": [
    1,
    22,
    44,
    66,
    88,
    110,
    132,
    154,
    176,
    198,
    220,
    242,
    264,
    286,
    308,
    330,
    352,
    374,
    396,
    418
  ],
  "scoring_time_s": 41.22
}