{
  "episode_id": 27,
  "num_frames": 326,
  "start_idx": 10353,
  "end_idx": 10679,
  "voc": 0.9594,
  "raw_scores": [
    -18.5,
    -19.25,
    -19.875,
    -20.0,
    -19.875,
    -17.5,
    -14.75,
    -13.75,
    -14.0,
    -12.5,
    -13.625,
    -13.625,
    -12.125,
    -10.0,
    -10.75,
    -8.25,
    -8.125,
    -8.875,
    -6.0,
    -7.0
  ],
  "normalized": [
    0.10714285714285714,
    0.05357142857142857,
    0.008928571428571428,
    0.0,
    0.008928571428571428,
    0.17857142857142858,
    0.375,
    0.44642857142857145,
    0.42857142857142855,
    0.5357142857142857,
    0.45535714285714285,
    0.45535714285714285,
    0.5625,
    0.7142857142857143,
    0.6607142857142857,
    0.8392857142857143,
    0.8482142857142857,
    0.7946428571428571,
    1.0,
    0.9285714285714286
  ],
  "prefix_lengths": [
    1,
    18,
    35,
    52,
    69,
    86,
    103,
    120,
    137,
    154,
    172,
    189,
    206,
    223,
    240,
    257,
    274,
    291,
    308,
    326
  ],
  "scoring_time_s": 32.8
}