{
  "episode_id": 11,
  "num_frames": 377,
  "start_idx": 4341,
  "end_idx": 4718,
  "voc": 0.9714,
  "raw_scores": [
    -18.375,
    -18.875,
    -19.25,
    -19.25,
    -16.5,
    -16.0,
    -13.75,
    -14.125,
    -11.875,
    -11.625,
    -12.0,
    -9.125,
    -10.25,
    -7.0,
    -7.125,
    -7.0,
    -5.125,
    -4.15625,
    -5.0,
    -4.75
  ],
  "normalized": [
    0.057971014492753624,
    0.024844720496894408,
    0.0,
    0.0,
    0.18219461697722567,
    0.2153209109730849,
    0.36438923395445133,
    0.33954451345755693,
    0.4886128364389234,
    0.505175983436853,
    0.4803312629399586,
    0.6708074534161491,
    0.5962732919254659,
    0.8115942028985508,
    0.8033126293995859,
    0.8115942028985508,
    0.9358178053830227,
    1.0,
    0.9440993788819876,
    0.9606625258799172
  ],
  "prefix_lengths": [
    1,
    20,
    40,
    60,
    80,
    99,
    119,
    139,
    159,
    179,
    198,
    218,
    238,
    258,
    278,
    297,
    317,
    337,
    357,
    377
  ],
  "scoring_time_s": 37.58
}