{
  "episode_id": 45,
  "num_frames": 351,
  "start_idx": 17754,
  "end_idx": 18105,
  "voc": 0.9616,
  "raw_scores": [
    -17.75,
    -19.5,
    -19.5,
    -19.875,
    -19.25,
    -19.125,
    -13.625,
    -15.75,
    -12.5,
    -12.875,
    -12.125,
    -9.125,
    -7.625,
    -6.5,
    -5.875,
    -6.125,
    -5.125,
    -4.15625,
    -3.65625,
    -5.125
  ],
  "normalized": [
    0.13102119460500963,
    0.023121387283236993,
    0.023121387283236993,
    0.0,
    0.038535645472061654,
    0.046242774566473986,
    0.3853564547206166,
    0.2543352601156069,
    0.45472061657032753,
    0.43159922928709055,
    0.47784200385356457,
    0.6628131021194605,
    0.7552986512524085,
    0.8246628131021194,
    0.8631984585741811,
    0.8477842003853564,
    0.9094412331406551,
    0.9691714836223507,
    1.0,
    0.9094412331406551
  ],
  "prefix_lengths": [
    1,
    19,
    37,
    56,
    74,
    93,
    111,
    129,
    148,
    166,
    185,
    203,
    222,
    240,
    258,
    277,
    295,
    314,
    332,
    351
  ],
  "scoring_time_s": 35.19
}