{
  "episode_id": 21,
  "num_frames": 370,
  "start_idx": 8095,
  "end_idx": 8465,
  "voc": 0.9669,
  "raw_scores": [
    -18.0,
    -19.25,
    -19.625,
    -19.125,
    -19.0,
    -17.25,
    -15.75,
    -14.875,
    -14.0,
    -14.0,
    -11.375,
    -11.625,
    -8.25,
    -8.625,
    -8.25,
    -7.5,
    -5.25,
    -4.53125,
    -6.0,
    -5.625
  ],
  "normalized": [
    0.10766045548654245,
    0.024844720496894408,
    0.0,
    0.033126293995859216,
    0.041407867494824016,
    0.15734989648033126,
    0.2567287784679089,
    0.3146997929606625,
    0.37267080745341613,
    0.37267080745341613,
    0.546583850931677,
    0.5300207039337475,
    0.7536231884057971,
    0.7287784679089027,
    0.7536231884057971,
    0.8033126293995859,
    0.9523809523809523,
    1.0,
    0.9026915113871635,
    0.927536231884058
  ],
  "prefix_lengths": [
    1,
    20,
    39,
    59,
    78,
    98,
    117,
    136,
    156,
    175,
    195,
    214,
    234,
    253,
    272,
    292,
    311,
    331,
    350,
    370
  ],
  "scoring_time_s": 37.14
}