{
  "episode_id": 0,
  "num_frames": 454,
  "start_idx": 0,
  "end_idx": 454,
  "voc": 0.9154,
  "raw_scores": [
    -18.25,
    -19.375,
    -19.125,
    -19.625,
    -17.375,
    -13.875,
    -13.5,
    -12.0,
    -10.5,
    -10.0,
    -9.125,
    -7.0,
    -8.375,
    -5.125,
    -3.1875,
    -5.5,
    -5.0,
    -3.65625,
    -7.0,
    -6.625
  ],
  "normalized": [
    0.08365019011406843,
    0.015209125475285171,
    0.030418250950570342,
    0.0,
    0.13688212927756654,
    0.34980988593155893,
    0.3726235741444867,
    0.46387832699619774,
    0.5551330798479087,
    0.5855513307984791,
    0.6387832699619772,
    0.7680608365019012,
    0.6844106463878327,
    0.8821292775665399,
    1.0,
    0.8593155893536122,
    0.8897338403041825,
    0.9714828897338403,
    0.7680608365019012,
    0.7908745247148289
  ],
  "prefix_lengths": [
    1,
    24,
    48,
    72,
    96,
    120,
    144,
    167,
    191,
    215,
    239,
    263,
    287,
    310,
    334,
    358,
    382,
    406,
    430,
    454
  ],
  "scoring_time_s": 46.68
}