{
  "episode_id": 23,
  "num_frames": 375,
  "start_idx": 8852,
  "end_idx": 9227,
  "voc": 0.9684,
  "raw_scores": [
    -18.625,
    -19.375,
    -19.875,
    -19.5,
    -17.625,
    -14.125,
    -15.875,
    -14.625,
    -15.625,
    -13.5,
    -13.875,
    -13.0,
    -11.625,
    -10.25,
    -10.5,
    -11.0,
    -7.125,
    -5.875,
    -5.5,
    -4.75
  ],
  "normalized": [
    0.08264462809917356,
    0.03305785123966942,
    0.0,
    0.024793388429752067,
    0.1487603305785124,
    0.38016528925619836,
    0.2644628099173554,
    0.34710743801652894,
    0.2809917355371901,
    0.4214876033057851,
    0.39669421487603307,
    0.45454545454545453,
    0.5454545454545454,
    0.6363636363636364,
    0.6198347107438017,
    0.5867768595041323,
    0.8429752066115702,
    0.9256198347107438,
    0.9504132231404959,
    1.0
  ],
  "prefix_lengths": [
    1,
    20,
    40,
    60,
    79,
    99,
    119,
    138,
    158,
    178,
    197,
    217,
    237,
    256,
    276,
    296,
    315,
    335,
    355,
    375
  ],
  "scoring_time_s": 37.33
}