{
  "episode_id": 16,
  "num_frames": 365,
  "start_idx": 6203,
  "end_idx": 6568,
  "voc": 0.9759,
  "raw_scores": [
    -18.75,
    -19.75,
    -19.0,
    -19.125,
    -18.5,
    -16.5,
    -15.0,
    -15.25,
    -13.75,
    -12.625,
    -11.75,
    -12.0,
    -8.25,
    -10.25,
    -7.375,
    -7.0,
    -5.375,
    -5.125,
    -5.0,
    -5.5
  ],
  "normalized": [
    0.06779661016949153,
    0.0,
    0.05084745762711865,
    0.0423728813559322,
    0.0847457627118644,
    0.22033898305084745,
    0.3220338983050847,
    0.3050847457627119,
    0.4067796610169492,
    0.4830508474576271,
    0.5423728813559322,
    0.5254237288135594,
    0.7796610169491526,
    0.6440677966101694,
    0.8389830508474576,
    0.864406779661017,
    0.9745762711864406,
    0.9915254237288136,
    1.0,
    0.9661016949152542
  ],
  "prefix_lengths": [
    1,
    20,
    39,
    58,
    77,
    96,
    115,
    135,
    154,
    173,
    192,
    211,
    230,
    250,
    269,
    288,
    307,
    326,
    345,
    365
  ],
  "scoring_time_s": 36.28
}