{
  "episode_id": 25,
  "num_frames": 408,
  "start_idx": 9592,
  "end_idx": 10000,
  "voc": 0.9628,
  "raw_scores": [
    -18.375,
    -19.125,
    -19.25,
    -18.5,
    -17.5,
    -14.375,
    -10.875,
    -10.375,
    -11.0,
    -12.5,
    -10.0,
    -9.0,
    -9.25,
    -9.0,
    -8.0,
    -6.875,
    -6.0,
    -7.25,
    -5.75,
    -6.625
  ],
  "normalized": [
    0.06481481481481481,
    0.009259259259259259,
    0.0,
    0.05555555555555555,
    0.12962962962962962,
    0.3611111111111111,
    0.6203703703703703,
    0.6574074074074074,
    0.6111111111111112,
    0.5,
    0.6851851851851852,
    0.7592592592592593,
    0.7407407407407407,
    0.7592592592592593,
    0.8333333333333334,
    0.9166666666666666,
    0.9814814814814815,
    0.8888888888888888,
    1.0,
    0.9351851851851852
  ],
  "prefix_lengths": [
    1,
    22,
    43,
    65,
    86,
    108,
    129,
    150,
    172,
    193,
    215,
    236,
    258,
    279,
    300,
    322,
    343,
    365,
    386,
    408
  ],
  "scoring_time_s": 40.26
}