{
  "episode_id": 39,
  "num_frames": 341,
  "start_idx": 15258,
  "end_idx": 15599,
  "voc": 0.9514,
  "raw_scores": [
    -17.125,
    -19.375,
    -19.375,
    -19.625,
    -19.375,
    -16.875,
    -12.375,
    -12.875,
    -10.25,
    -10.25,
    -10.5,
    -10.875,
    -8.125,
    -6.875,
    -6.125,
    -5.625,
    -7.125,
    -4.625,
    -4.875,
    -3.296875
  ],
  "normalized": [
    0.15311004784688995,
    0.015311004784688996,
    0.015311004784688996,
    0.0,
    0.015311004784688996,
    0.16842105263157894,
    0.44401913875598087,
    0.4133971291866029,
    0.5741626794258373,
    0.5741626794258373,
    0.5588516746411484,
    0.5358851674641149,
    0.7043062200956938,
    0.7808612440191387,
    0.8267942583732057,
    0.8574162679425837,
    0.7655502392344498,
    0.9186602870813397,
    0.9033492822966507,
    1.0
  ],
  "prefix_lengths": [
    1,
    18,
    36,
    54,
    72,
    90,
    108,
    126,
    144,
    162,
    179,
    197,
    215,
    233,
    251,
    269,
    287,
    305,
    323,
    341
  ],
  "scoring_time_s": 34.32
}