{
  "episode_id": 41,
  "num_frames": 475,
  "start_idx": 16072,
  "end_idx": 16547,
  "voc": 0.944,
  "raw_scores": [
    -17.125,
    -19.625,
    -19.75,
    -19.0,
    -17.25,
    -12.625,
    -12.5,
    -11.375,
    -11.125,
    -10.0,
    -8.75,
    -8.25,
    -8.25,
    -5.375,
    -3.296875,
    -4.375,
    -4.40625,
    -4.15625,
    -3.90625,
    -4.625
  ],
  "normalized": [
    0.15954415954415954,
    0.007597340930674264,
    0.0,
    0.045584045584045586,
    0.15194681861348527,
    0.43304843304843305,
    0.4406457739791073,
    0.5090218423551757,
    0.5242165242165242,
    0.5925925925925926,
    0.6685660018993352,
    0.6989553656220323,
    0.6989553656220323,
    0.8736942070275404,
    1.0,
    0.9344729344729344,
    0.932573599240266,
    0.9477682811016145,
    0.9629629629629629,
    0.9192782526115859
  ],
  "prefix_lengths": [
    1,
    24,
    48,
    71,
    95,
    119,
    142,
    166,
    190,
    213,
    237,
    260,
    284,
    308,
    331,
    355,
    379,
    402,
    426,
    450
  ],
  "scoring_time_s": 44.6
}