{
  "episode_id": 48,
  "num_frames": 361,
  "start_idx": 18869,
  "end_idx": 19230,
  "voc": 0.9537,
  "raw_scores": [
    -17.125,
    -18.75,
    -19.5,
    -18.75,
    -19.375,
    -18.5,
    -18.25,
    -14.125,
    -12.125,
    -10.625,
    -10.5,
    -8.375,
    -7.125,
    -5.75,
    -6.25,
    -5.125,
    -4.875,
    -3.65625,
    -3.171875,
    -4.5
  ],
  "normalized": [
    0.14545454545454545,
    0.045933014354066985,
    0.0,
    0.045933014354066985,
    0.007655502392344498,
    0.06124401913875598,
    0.07655502392344497,
    0.3291866028708134,
    0.45167464114832534,
    0.5435406698564593,
    0.5511961722488038,
    0.6813397129186602,
    0.7578947368421053,
    0.8421052631578947,
    0.8114832535885167,
    0.8803827751196173,
    0.8956937799043062,
    0.970334928229665,
    1.0,
    0.9186602870813397
  ],
  "prefix_lengths": [
    1,
    19,
    38,
    57,
    76,
    95,
    114,
    133,
    152,
    171,
    190,
    209,
    228,
    247,
    266,
    285,
    304,
    323,
    342,
    361
  ],
  "scoring_time_s": 36.06
}