{
  "episode_id": 46,
  "num_frames": 346,
  "start_idx": 18105,
  "end_idx": 18451,
  "voc": 0.9725,
  "raw_scores": [
    -17.625,
    -19.625,
    -19.625,
    -19.5,
    -18.625,
    -19.125,
    -14.5,
    -14.0,
    -10.625,
    -10.375,
    -10.125,
    -9.625,
    -7.625,
    -7.25,
    -5.375,
    -6.125,
    -4.75,
    -4.15625,
    -4.5,
    -3.78125
  ],
  "normalized": [
    0.126232741617357,
    0.0,
    0.0,
    0.007889546351084813,
    0.0631163708086785,
    0.03155818540433925,
    0.3234714003944773,
    0.35502958579881655,
    0.5680473372781065,
    0.5838264299802761,
    0.5996055226824457,
    0.631163708086785,
    0.757396449704142,
    0.7810650887573964,
    0.8994082840236687,
    0.8520710059171598,
    0.9388560157790927,
    0.9763313609467456,
    0.9546351084812623,
    1.0
  ],
  "prefix_lengths": [
    1,
    19,
    37,
    55,
    73,
    91,
    109,
    128,
    146,
    164,
    182,
    200,
    218,
    237,
    255,
    273,
    291,
    309,
    327,
    346
  ],
  "scoring_time_s": 34.67
}