{
  "episode_id": 43,
  "num_frames": 423,
  "start_idx": 16964,
  "end_idx": 17387,
  "voc": 0.9548,
  "raw_scores": [
    -17.875,
    -18.625,
    -18.75,
    -19.375,
    -17.625,
    -11.5,
    -10.125,
    -9.75,
    -9.0,
    -8.875,
    -8.25,
    -6.75,
    -6.375,
    -7.125,
    -5.125,
    -3.78125,
    -4.28125,
    -4.28125,
    -4.28125,
    -4.625
  ],
  "normalized": [
    0.09619238476953908,
    0.04809619238476954,
    0.04008016032064128,
    0.0,
    0.11222444889779559,
    0.5050100200400801,
    0.593186372745491,
    0.6172344689378757,
    0.6653306613226453,
    0.6733466933867736,
    0.7134268537074149,
    0.8096192384769539,
    0.8336673346693386,
    0.7855711422845691,
    0.9138276553106213,
    1.0,
    0.9679358717434869,
    0.9679358717434869,
    0.9679358717434869,
    0.9458917835671342
  ],
  "prefix_lengths": [
    1,
    23,
    45,
    67,
    89,
    112,
    134,
    156,
    178,
    200,
    223,
    245,
    267,
    289,
    311,
    334,
    356,
    378,
    400,
    423
  ],
  "scoring_time_s": 41.66
}