{
  "episode_id": 28,
  "num_frames": 378,
  "start_idx": 10679,
  "end_idx": 11057,
  "voc": 0.9789,
  "raw_scores": [
    -19.125,
    -19.25,
    -18.875,
    -19.5,
    -18.625,
    -17.5,
    -14.25,
    -17.0,
    -13.25,
    -12.125,
    -11.875,
    -9.0,
    -9.125,
    -6.625,
    -8.25,
    -5.875,
    -6.375,
    -4.03125,
    -5.625,
    -4.65625
  ],
  "normalized": [
    0.024242424242424242,
    0.01616161616161616,
    0.04040404040404041,
    0.0,
    0.05656565656565657,
    0.1292929292929293,
    0.3393939393939394,
    0.16161616161616163,
    0.40404040404040403,
    0.4767676767676768,
    0.49292929292929294,
    0.6787878787878788,
    0.6707070707070707,
    0.8323232323232324,
    0.7272727272727273,
    0.8808080808080808,
    0.8484848484848485,
    1.0,
    0.896969696969697,
    0.9595959595959596
  ],
  "prefix_lengths": [
    1,
    20,
    40,
    60,
    80,
    100,
    120,
    139,
    159,
    179,
    199,
    219,
    239,
    258,
    278,
    298,
    318,
    338,
    358,
    378
  ],
  "scoring_time_s": 39.08
}