{
  "episode_id": 4,
  "num_frames": 401,
  "start_idx": 1758,
  "end_idx": 2159,
  "voc": 0.9797,
  "raw_scores": [
    -18.25,
    -18.875,
    -19.0,
    -18.75,
    -17.625,
    -13.5,
    -11.125,
    -11.125,
    -10.5,
    -10.75,
    -7.5,
    -7.125,
    -8.5,
    -5.75,
    -5.625,
    -5.625,
    -3.78125,
    -4.875,
    -3.53125,
    -3.65625
  ],
  "normalized": [
    0.048484848484848485,
    0.00808080808080808,
    0.0,
    0.01616161616161616,
    0.08888888888888889,
    0.35555555555555557,
    0.509090909090909,
    0.509090909090909,
    0.5494949494949495,
    0.5333333333333333,
    0.7434343434343434,
    0.7676767676767676,
    0.6787878787878788,
    0.8565656565656565,
    0.8646464646464647,
    0.8646464646464647,
    0.9838383838383838,
    0.9131313131313131,
    1.0,
    0.9919191919191919
  ],
  "prefix_lengths": [
    1,
    22,
    43,
    64,
    85,
    106,
    127,
    148,
    169,
    190,
    211,
    232,
    253,
    274,
    295,
    316,
    337,
    358,
    379,
    401
  ],
  "scoring_time_s": 40.41
}