{
  "episode_id": 34,
  "num_frames": 376,
  "start_idx": 13265,
  "end_idx": 13641,
  "voc": 0.9613,
  "raw_scores": [
    -17.875,
    -19.125,
    -19.5,
    -19.125,
    -18.75,
    -16.25,
    -11.75,
    -14.125,
    -10.75,
    -9.5,
    -10.25,
    -9.0,
    -7.25,
    -7.75,
    -8.0,
    -7.875,
    -5.625,
    -3.65625,
    -5.375,
    -4.28125
  ],
  "normalized": [
    0.10256410256410256,
    0.023668639053254437,
    0.0,
    0.023668639053254437,
    0.047337278106508875,
    0.20512820512820512,
    0.4891518737672584,
    0.33925049309664695,
    0.5522682445759369,
    0.631163708086785,
    0.5838264299802761,
    0.6627218934911243,
    0.7731755424063116,
    0.7416173570019724,
    0.7258382642998028,
    0.7337278106508875,
    0.8757396449704142,
    1.0,
    0.8915187376725838,
    0.960552268244576
  ],
  "prefix_lengths": [
    1,
    20,
    40,
    60,
    79,
    99,
    119,
    139,
    158,
    178,
    198,
    218,
    237,
    257,
    277,
    297,
    316,
    336,
    356,
    376
  ],
  "scoring_time_s": 37.28
}