{
  "episode_id": 15,
  "num_frames": 384,
  "start_idx": 5819,
  "end_idx": 6203,
  "voc": 0.9624,
  "raw_scores": [
    -18.5,
    -19.125,
    -19.375,
    -19.0,
    -17.0,
    -14.625,
    -14.0,
    -12.5,
    -13.5,
    -15.25,
    -12.0,
    -11.625,
    -9.375,
    -8.75,
    -9.625,
    -7.0,
    -7.25,
    -4.65625,
    -5.375,
    -5.25
  ],
  "normalized": [
    0.059447983014861996,
    0.016985138004246284,
    0.0,
    0.025477707006369428,
    0.1613588110403397,
    0.3227176220806794,
    0.3651804670912951,
    0.46709129511677283,
    0.3991507430997877,
    0.2802547770700637,
    0.5010615711252654,
    0.5265392781316348,
    0.6794055201698513,
    0.721868365180467,
    0.6624203821656051,
    0.8407643312101911,
    0.8237791932059448,
    1.0,
    0.9511677282377919,
    0.9596602972399151
  ],
  "prefix_lengths": [
    1,
    21,
    41,
    61,
    81,
    101,
    121,
    142,
    162,
    182,
    202,
    222,
    242,
    263,
    283,
    303,
    323,
    343,
    363,
    384
  ],
  "scoring_time_s": 38.33
}