{
  "episode_id": 18,
  "num_frames": 385,
  "start_idx": 6977,
  "end_idx": 7362,
  "voc": 0.9741,
  "raw_scores": [
    -19.25,
    -20.25,
    -19.625,
    -19.5,
    -17.75,
    -16.375,
    -15.125,
    -15.75,
    -15.375,
    -15.375,
    -14.625,
    -12.5,
    -10.75,
    -10.25,
    -9.875,
    -8.625,
    -8.75,
    -4.03125,
    -4.875,
    -5.875
  ],
  "normalized": [
    0.06165703275529865,
    0.0,
    0.038535645472061654,
    0.046242774566473986,
    0.15414258188824662,
    0.23892100192678228,
    0.3159922928709056,
    0.2774566473988439,
    0.30057803468208094,
    0.30057803468208094,
    0.3468208092485549,
    0.47784200385356457,
    0.5857418111753372,
    0.6165703275529865,
    0.6396917148362236,
    0.7167630057803468,
    0.7090558766859345,
    1.0,
    0.9479768786127167,
    0.8863198458574181
  ],
  "prefix_lengths": [
    1,
    21,
    41,
    61,
    81,
    102,
    122,
    142,
    162,
    182,
    203,
    223,
    243,
    263,
    283,
    304,
    324,
    344,
    364,
    385
  ],
  "scoring_time_s": 38.35
}