{
  "episode_id": 19,
  "num_frames": 367,
  "start_idx": 7362,
  "end_idx": 7729,
  "voc": 0.9729,
  "raw_scores": [
    -18.5,
    -19.5,
    -20.0,
    -19.625,
    -17.5,
    -15.875,
    -15.0,
    -12.875,
    -14.375,
    -12.125,
    -13.875,
    -10.875,
    -10.75,
    -9.5,
    -9.625,
    -8.125,
    -6.0,
    -4.78125,
    -5.875,
    -5.0
  ],
  "normalized": [
    0.09856262833675565,
    0.03285420944558522,
    0.0,
    0.024640657084188913,
    0.16427104722792607,
    0.27104722792607805,
    0.32854209445585214,
    0.4681724845995893,
    0.36960985626283366,
    0.5174537987679672,
    0.4024640657084189,
    0.5995893223819302,
    0.6078028747433265,
    0.6899383983572895,
    0.6817248459958932,
    0.7802874743326489,
    0.919917864476386,
    1.0,
    0.9281314168377823,
    0.9856262833675564
  ],
  "prefix_lengths": [
    1,
    20,
    39,
    58,
    78,
    97,
    116,
    135,
    155,
    174,
    193,
    212,
    232,
    251,
    270,
    289,
    309,
    328,
    347,
    367
  ],
  "scoring_time_s": 36.66
}