{
  "episode_id": 42,
  "num_frames": 417,
  "start_idx": 16547,
  "end_idx": 16964,
  "voc": 0.9492,
  "raw_scores": [
    -18.125,
    -19.125,
    -19.625,
    -19.0,
    -19.75,
    -18.5,
    -18.875,
    -14.25,
    -14.5,
    -14.125,
    -11.75,
    -10.25,
    -8.25,
    -8.375,
    -5.875,
    -6.625,
    -5.25,
    -5.375,
    -5.25,
    -4.03125
  ],
  "normalized": [
    0.10337972166998012,
    0.039761431411530816,
    0.007952286282306162,
    0.04771371769383698,
    0.0,
    0.07952286282306163,
    0.055666003976143144,
    0.3499005964214712,
    0.33399602385685884,
    0.35785288270377735,
    0.5089463220675944,
    0.6043737574552683,
    0.731610337972167,
    0.7236580516898609,
    0.882703777335984,
    0.8349900596421471,
    0.9224652087475149,
    0.9145129224652088,
    0.9224652087475149,
    1.0
  ],
  "prefix_lengths": [
    1,
    22,
    44,
    66,
    88,
    110,
    132,
    154,
    176,
    198,
    219,
    241,
    263,
    285,
    307,
    329,
    351,
    373,
    395,
    417
  ],
  "scoring_time_s": 41.27
}