{
  "episode_id": 8,
  "num_frames": 368,
  "start_idx": 3221,
  "end_idx": 3589,
  "voc": 0.9564,
  "raw_scores": [
    -17.75,
    -19.0,
    -19.25,
    -19.875,
    -18.625,
    -15.75,
    -14.375,
    -14.125,
    -15.625,
    -13.75,
    -14.75,
    -12.75,
    -11.125,
    -10.25,
    -8.875,
    -9.125,
    -6.0,
    -4.875,
    -7.5,
    -4.75
  ],
  "normalized": [
    0.14049586776859505,
    0.05785123966942149,
    0.04132231404958678,
    0.0,
    0.08264462809917356,
    0.2727272727272727,
    0.36363636363636365,
    0.38016528925619836,
    0.2809917355371901,
    0.4049586776859504,
    0.33884297520661155,
    0.47107438016528924,
    0.5785123966942148,
    0.6363636363636364,
    0.7272727272727273,
    0.7107438016528925,
    0.9173553719008265,
    0.9917355371900827,
    0.8181818181818182,
    1.0
  ],
  "prefix_lengths": [
    1,
    20,
    39,
    58,
    78,
    97,
    116,
    136,
    155,
    174,
    194,
    213,
    232,
    252,
    271,
    290,
    310,
    329,
    348,
    368
  ],
  "scoring_time_s": 36.79
}