{
  "episode_id": 40,
  "num_frames": 473,
  "start_idx": 15599,
  "end_idx": 16072,
  "voc": 0.9466,
  "raw_scores": [
    -16.875,
    -18.375,
    -18.75,
    -17.375,
    -15.5,
    -10.25,
    -12.375,
    -12.0,
    -12.0,
    -12.25,
    -9.5,
    -10.0,
    -9.75,
    -6.875,
    -4.875,
    -5.625,
    -4.75,
    -4.75,
    -4.625,
    -5.0
  ],
  "normalized": [
    0.13274336283185842,
    0.02654867256637168,
    0.0,
    0.09734513274336283,
    0.23008849557522124,
    0.6017699115044248,
    0.45132743362831856,
    0.4778761061946903,
    0.4778761061946903,
    0.46017699115044247,
    0.6548672566371682,
    0.6194690265486725,
    0.6371681415929203,
    0.8407079646017699,
    0.9823008849557522,
    0.9292035398230089,
    0.9911504424778761,
    0.9911504424778761,
    1.0,
    0.9734513274336283
  ],
  "prefix_lengths": [
    1,
    24,
    48,
    71,
    95,
    119,
    142,
    166,
    190,
    213,
    237,
    260,
    284,
    308,
    331,
    355,
    379,
    402,
    426,
    450
  ],
  "scoring_time_s": 44.28
}