{
  "episode_id": 26,
  "num_frames": 353,
  "start_idx": 10000,
  "end_idx": 10353,
  "voc": 0.9639,
  "raw_scores": [
    -18.0,
    -19.625,
    -19.375,
    -20.0,
    -19.25,
    -17.5,
    -16.375,
    -12.5,
    -14.375,
    -13.5,
    -14.25,
    -11.875,
    -11.75,
    -10.25,
    -8.875,
    -9.25,
    -7.875,
    -6.25,
    -4.40625,
    -6.375
  ],
  "normalized": [
    0.1282565130260521,
    0.02404809619238477,
    0.04008016032064128,
    0.0,
    0.04809619238476954,
    0.16032064128256512,
    0.23246492985971945,
    0.48096192384769537,
    0.36072144288577157,
    0.4168336673346693,
    0.3687374749498998,
    0.5210420841683366,
    0.5290581162324649,
    0.625250501002004,
    0.7134268537074149,
    0.6893787575150301,
    0.7775551102204409,
    0.8817635270541082,
    1.0,
    0.87374749498998
  ],
  "prefix_lengths": [
    1,
    19,
    38,
    56,
    75,
    93,
    112,
    130,
    149,
    167,
    186,
    204,
    223,
    241,
    260,
    278,
    297,
    315,
    334,
    353
  ],
  "scoring_time_s": 35.33
}