{
  "episode_id": 12,
  "num_frames": 369,
  "start_idx": 4718,
  "end_idx": 5087,
  "voc": 0.9782,
  "raw_scores": [
    -18.5,
    -19.25,
    -18.875,
    -19.0,
    -16.75,
    -15.75,
    -13.625,
    -14.0,
    -12.875,
    -13.25,
    -12.375,
    -11.75,
    -10.125,
    -8.125,
    -7.75,
    -8.125,
    -5.375,
    -5.0,
    -5.75,
    -5.0
  ],
  "normalized": [
    0.05263157894736842,
    0.0,
    0.02631578947368421,
    0.017543859649122806,
    0.17543859649122806,
    0.24561403508771928,
    0.39473684210526316,
    0.3684210526315789,
    0.4473684210526316,
    0.42105263157894735,
    0.4824561403508772,
    0.5263157894736842,
    0.6403508771929824,
    0.7807017543859649,
    0.8070175438596491,
    0.7807017543859649,
    0.9736842105263158,
    1.0,
    0.9473684210526315,
    1.0
  ],
  "prefix_lengths": [
    1,
    20,
    39,
    59,
    78,
    97,
    117,
    136,
    155,
    175,
    194,
    214,
    233,
    252,
    272,
    291,
    310,
    330,
    349,
    369
  ],
  "scoring_time_s": 36.76
}