{
  "episode_id": 5,
  "num_frames": 354,
  "start_idx": 2159,
  "end_idx": 2513,
  "voc": 0.9654,
  "raw_scores": [
    -17.75,
    -19.5,
    -19.625,
    -19.375,
    -18.25,
    -14.5,
    -14.0,
    -13.375,
    -11.75,
    -11.25,
    -11.875,
    -9.375,
    -9.125,
    -9.25,
    -6.75,
    -5.875,
    -5.25,
    -4.03125,
    -6.125,
    -5.0
  ],
  "normalized": [
    0.12024048096192384,
    0.008016032064128256,
    0.0,
    0.01603206412825651,
    0.08817635270541083,
    0.3286573146292585,
    0.36072144288577157,
    0.40080160320641284,
    0.5050100200400801,
    0.5370741482965932,
    0.4969939879759519,
    0.657314629258517,
    0.6733466933867736,
    0.6653306613226453,
    0.8256513026052105,
    0.8817635270541082,
    0.9218436873747495,
    1.0,
    0.8657314629258517,
    0.9378757515030061
  ],
  "prefix_lengths": [
    1,
    19,
    38,
    56,
    75,
    93,
    112,
    131,
    149,
    168,
    186,
    205,
    223,
    242,
    261,
    279,
    298,
    316,
    335,
    354
  ],
  "scoring_time_s": 35.51
}