{
  "episode_id": 36,
  "num_frames": 440,
  "start_idx": 14034,
  "end_idx": 14474,
  "voc": 0.9729,
  "raw_scores": [
    -18.125,
    -15.875,
    -13.875,
    -14.25,
    -14.25,
    -12.875,
    -11.25,
    -10.5,
    -12.125,
    -10.5,
    -8.875,
    -7.875,
    -6.625,
    -5.75,
    -3.78125,
    -5.125,
    -4.75,
    -3.65625,
    -3.421875,
    -3.90625
  ],
  "normalized": [
    0.0,
    0.153028692879915,
    0.28905419766206164,
    0.2635494155154091,
    0.2635494155154091,
    0.357066950053135,
    0.4675876726886291,
    0.5185972369819342,
    0.40807651434643993,
    0.5185972369819342,
    0.6291179596174282,
    0.6971307120085016,
    0.7821466524973433,
    0.8416578108395324,
    0.975557917109458,
    0.8841657810839533,
    0.9096705632306057,
    0.9840595111583422,
    1.0,
    0.9670563230605739
  ],
  "prefix_lengths": [
    1,
    24,
    47,
    70,
    93,
    116,
    139,
    162,
    185,
    208,
    232,
    255,
    278,
    301,
    324,
    347,
    370,
    393,
    416,
    440
  ],
  "scoring_time_s": 43.31
}