{
  "episode_id": 20,
  "num_frames": 366,
  "start_idx": 7729,
  "end_idx": 8095,
  "voc": 0.9601,
  "raw_scores": [
    -17.625,
    -18.125,
    -19.625,
    -19.375,
    -19.375,
    -16.875,
    -14.875,
    -13.625,
    -12.125,
    -12.5,
    -13.625,
    -10.875,
    -10.25,
    -9.125,
    -9.375,
    -8.5,
    -5.75,
    -3.90625,
    -4.28125,
    -4.75
  ],
  "normalized": [
    0.1272365805168986,
    0.09542743538767395,
    0.0,
    0.015904572564612324,
    0.015904572564612324,
    0.1749502982107356,
    0.30218687872763417,
    0.3817097415506958,
    0.47713717693836977,
    0.4532803180914513,
    0.3817097415506958,
    0.5566600397614314,
    0.5964214711729622,
    0.6679920477137177,
    0.6520874751491054,
    0.7077534791252486,
    0.882703777335984,
    1.0,
    0.9761431411530815,
    0.9463220675944334
  ],
  "prefix_lengths": [
    1,
    20,
    39,
    58,
    77,
    97,
    116,
    135,
    154,
    173,
    193,
    212,
    231,
    250,
    269,
    289,
    308,
    327,
    346,
    366
  ],
  "scoring_time_s": 36.34
}