{
  "episode_id": 17,
  "num_frames": 409,
  "start_idx": 6568,
  "end_idx": 6977,
  "voc": 0.9801,
  "raw_scores": [
    -18.75,
    -19.875,
    -19.75,
    -19.0,
    -17.0,
    -15.25,
    -13.75,
    -14.5,
    -13.875,
    -13.875,
    -11.625,
    -11.25,
    -10.375,
    -9.5,
    -8.0,
    -6.625,
    -5.5,
    -6.125,
    -5.375,
    -4.875
  ],
  "normalized": [
    0.075,
    0.0,
    0.008333333333333333,
    0.058333333333333334,
    0.19166666666666668,
    0.30833333333333335,
    0.4083333333333333,
    0.35833333333333334,
    0.4,
    0.4,
    0.55,
    0.575,
    0.6333333333333333,
    0.6916666666666667,
    0.7916666666666666,
    0.8833333333333333,
    0.9583333333333334,
    0.9166666666666666,
    0.9666666666666667,
    1.0
  ],
  "prefix_lengths": [
    1,
    22,
    43,
    65,
    86,
    108,
    129,
    151,
    172,
    194,
    215,
    237,
    258,
    280,
    301,
    323,
    344,
    366,
    387,
    409
  ],
  "scoring_time_s": 40.57
}