{
  "episode_id": 10,
  "num_frames": 364,
  "start_idx": 3977,
  "end_idx": 4341,
  "voc": 0.9639,
  "raw_scores": [
    -18.625,
    -19.75,
    -19.875,
    -19.25,
    -17.875,
    -17.25,
    -16.5,
    -16.0,
    -11.625,
    -14.25,
    -15.5,
    -14.375,
    -13.0,
    -10.625,
    -11.125,
    -11.375,
    -8.75,
    -7.75,
    -7.25,
    -6.5
  ],
  "normalized": [
    0.09345794392523364,
    0.009345794392523364,
    0.0,
    0.04672897196261682,
    0.14953271028037382,
    0.19626168224299065,
    0.2523364485981308,
    0.2897196261682243,
    0.616822429906542,
    0.4205607476635514,
    0.32710280373831774,
    0.411214953271028,
    0.514018691588785,
    0.6915887850467289,
    0.6542056074766355,
    0.6355140186915887,
    0.8317757009345794,
    0.9065420560747663,
    0.9439252336448598,
    1.0
  ],
  "prefix_lengths": [
    1,
    20,
    39,
    58,
    77,
    96,
    115,
    134,
    153,
    172,
    192,
    211,
    230,
    249,
    268,
    287,
    306,
    325,
    344,
    364
  ],
  "scoring_time_s": 36.5
}